time,src_ip,protocol,length
2026-01-15 23:39:32.713097,IPv6,DATA,1292
2026-01-15 23:39:32.713097,IPv6,DATA,1292
2026-01-15 23:39:32.713105,IPv6,DATA,97
2026-01-15 23:39:32.713097,IPv6,DATA,1292
2026-01-15 23:39:32.713097,IPv6,DATA,1292
2026-01-15 23:39:32.713097,IPv6,DATA,1292
2026-01-15 23:39:32.713097,IPv6,DATA,1292
2026-01-15 23:39:32.713097,IPv6,DATA,1292
2026-01-15 23:39:32.713097,IPv6,DATA,1292
2026-01-15 23:39:32.713097,IPv6,DATA,1292
2026-01-15 23:39:32.713097,IPv6,DATA,1292
2026-01-15 23:39:32.713097,IPv6,DATA,1292
2026-01-15 23:39:32.713097,IPv6,DATA,1292
2026-01-15 23:39:32.713097,IPv6,DATA,1292
2026-01-15 23:39:32.713097,IPv6,DATA,1292
2026-01-15 23:39:32.713430,IPv6,DATA,96
2026-01-15 23:39:32.728150,IPv6,DATA,97
2026-01-15 23:39:32.728392,IPv6,DATA,1292
2026-01-15 23:39:32.728392,IPv6,DATA,1292
2026-01-15 23:39:32.728392,IPv6,DATA,1292
2026-01-15 23:39:32.728392,IPv6,DATA,1292
2026-01-15 23:39:32.728392,IPv6,DATA,1292
2026-01-15 23:39:32.728392,IPv6,DATA,1292
2026-01-15 23:39:32.728392,IPv6,DATA,1292
2026-01-15 23:39:32.728392,IPv6,DATA,1292
2026-01-15 23:39:32.728392,IPv6,DATA,1292
2026-01-15 23:39:32.728392,IPv6,DATA,1292
2026-01-15 23:39:32.728392,IPv6,DATA,1292
2026-01-15 23:39:32.728392,IPv6,DATA,1292
2026-01-15 23:39:32.728392,IPv6,DATA,1292
2026-01-15 23:39:32.728392,IPv6,DATA,1292
2026-01-15 23:39:32.728392,IPv6,DATA,1292
2026-01-15 23:39:32.728392,IPv6,DATA,1292
2026-01-15 23:39:32.728392,IPv6,DATA,1292
2026-01-15 23:39:32.728392,IPv6,DATA,1292
2026-01-15 23:39:32.728392,IPv6,DATA,1292
2026-01-15 23:39:32.728392,IPv6,DATA,1292
2026-01-15 23:39:32.728392,IPv6,DATA,1292
2026-01-15 23:39:32.728392,IPv6,DATA,1292
2026-01-15 23:39:32.728392,IPv6,DATA,1292
2026-01-15 23:39:32.728392,IPv6,DATA,1292
2026-01-15 23:39:32.728392,IPv6,DATA,1292
2026-01-15 23:39:32.728392,IPv6,DATA,1292
2026-01-15 23:39:32.728392,IPv6,DATA,1292
2026-01-15 23:39:32.728392,IPv6,DATA,1292
2026-01-15 23:39:32.728392,IPv6,DATA,1292
2026-01-15 23:39:32.728392,IPv6,DATA,1292
2026-01-15 23:39:32.728392,IPv6,DATA,1292
2026-01-15 23:39:32.728392,IPv6,DATA,1292
2026-01-15 23:39:32.728602,IPv6,DATA,111
2026-01-15 23:39:32.728602,IPv6,DATA,1284
2026-01-15 23:39:32.728602,IPv6,DATA,1292
2026-01-15 23:39:32.728602,IPv6,DATA,1292
2026-01-15 23:39:32.728602,IPv6,DATA,1292
2026-01-15 23:39:32.728602,IPv6,DATA,1292
2026-01-15 23:39:32.728602,IPv6,DATA,1292
2026-01-15 23:39:32.728602,IPv6,DATA,1292
2026-01-15 23:39:32.728602,IPv6,DATA,1292
2026-01-15 23:39:32.728602,IPv6,DATA,1292
2026-01-15 23:39:32.728602,IPv6,DATA,1292
2026-01-15 23:39:32.728602,IPv6,DATA,1292
2026-01-15 23:39:32.728602,IPv6,DATA,1292
2026-01-15 23:39:32.728602,IPv6,DATA,1292
2026-01-15 23:39:32.728602,IPv6,DATA,1292
2026-01-15 23:39:32.728602,IPv6,DATA,1292
2026-01-15 23:39:32.728602,IPv6,DATA,1292
2026-01-15 23:39:32.728602,IPv6,DATA,1292
2026-01-15 23:39:32.728602,IPv6,DATA,1292
2026-01-15 23:39:32.728602,IPv6,DATA,1292
2026-01-15 23:39:32.728602,IPv6,DATA,1292
2026-01-15 23:39:32.728602,IPv6,DATA,1292
2026-01-15 23:39:32.728602,IPv6,DATA,1292
2026-01-15 23:39:32.728602,IPv6,DATA,1292
2026-01-15 23:39:32.728602,IPv6,DATA,1292
2026-01-15 23:39:32.728602,IPv6,DATA,1292
2026-01-15 23:39:32.728602,IPv6,DATA,1292
2026-01-15 23:39:32.728602,IPv6,DATA,1292
2026-01-15 23:39:32.728602,IPv6,DATA,1292
2026-01-15 23:39:32.728602,IPv6,DATA,1292
2026-01-15 23:39:32.728602,IPv6,DATA,1292
2026-01-15 23:39:32.728602,IPv6,DATA,1292
2026-01-15 23:39:32.728744,IPv6,DATA,97
2026-01-15 23:39:32.728811,IPv6,DATA,1292
2026-01-15 23:39:32.728811,IPv6,DATA,1292
2026-01-15 23:39:32.728811,IPv6,DATA,1292
2026-01-15 23:39:32.728887,IPv6,DATA,97
2026-01-15 23:39:32.728964,IPv6,DATA,97
2026-01-15 23:39:32.729147,IPv6,DATA,97
2026-01-15 23:39:32.729242,IPv6,DATA,97
2026-01-15 23:39:32.729330,IPv6,DATA,97
2026-01-15 23:39:32.738739,IPv6,DATA,1292
2026-01-15 23:39:32.738739,IPv6,DATA,1292
2026-01-15 23:39:32.738739,IPv6,DATA,1292
2026-01-15 23:39:32.738739,IPv6,DATA,1292
2026-01-15 23:39:32.738739,IPv6,DATA,1292
2026-01-15 23:39:32.738739,IPv6,DATA,1292
2026-01-15 23:39:32.738739,IPv6,DATA,1292
2026-01-15 23:39:32.738739,IPv6,DATA,1292
2026-01-15 23:39:32.738739,IPv6,DATA,1292
2026-01-15 23:39:32.738739,IPv6,DATA,1292
2026-01-15 23:39:32.738739,IPv6,DATA,1292
2026-01-15 23:39:32.738739,IPv6,DATA,1292
2026-01-15 23:39:32.738739,IPv6,DATA,1292
2026-01-15 23:39:32.738739,IPv6,DATA,1292
2026-01-15 23:39:32.738739,IPv6,DATA,1292
2026-01-15 23:39:32.738739,IPv6,DATA,1292
2026-01-15 23:39:32.738739,IPv6,DATA,1292
2026-01-15 23:39:32.738739,IPv6,DATA,1292
2026-01-15 23:39:32.738739,IPv6,DATA,1292
2026-01-15 23:39:32.738739,IPv6,DATA,1292
2026-01-15 23:39:32.738739,IPv6,DATA,1292
2026-01-15 23:39:32.738739,IPv6,DATA,1292
2026-01-15 23:39:32.739077,IPv6,DATA,97
2026-01-15 23:39:32.739243,IPv6,DATA,97
2026-01-15 23:39:32.739337,IPv6,DATA,97
2026-01-15 23:39:32.743856,IPv6,DATA,98
2026-01-15 23:39:32.746020,IPv6,DATA,1292
2026-01-15 23:39:32.746020,IPv6,DATA,1292
2026-01-15 23:39:32.746020,IPv6,DATA,1292
2026-01-15 23:39:32.746020,IPv6,DATA,1292
2026-01-15 23:39:32.746020,IPv6,DATA,1292
2026-01-15 23:39:32.746020,IPv6,DATA,1292
2026-01-15 23:39:32.746020,IPv6,DATA,1292
2026-01-15 23:39:32.746020,IPv6,DATA,1292
2026-01-15 23:39:32.746020,IPv6,DATA,1292
2026-01-15 23:39:32.746020,IPv6,DATA,1292
2026-01-15 23:39:32.746020,IPv6,DATA,1292
2026-01-15 23:39:32.746020,IPv6,DATA,1292
2026-01-15 23:39:32.746020,IPv6,DATA,1292
2026-01-15 23:39:32.746020,IPv6,DATA,1292
2026-01-15 23:39:32.746020,IPv6,DATA,1292
2026-01-15 23:39:32.746020,IPv6,DATA,1292
2026-01-15 23:39:32.746020,IPv6,DATA,1292
2026-01-15 23:39:32.746020,IPv6,DATA,1292
2026-01-15 23:39:32.746020,IPv6,DATA,1292
2026-01-15 23:39:32.746020,IPv6,DATA,1292
2026-01-15 23:39:32.746020,IPv6,DATA,1292
2026-01-15 23:39:32.746020,IPv6,DATA,1292
2026-01-15 23:39:32.746020,IPv6,DATA,1292
2026-01-15 23:39:32.746020,IPv6,DATA,1292
2026-01-15 23:39:32.746020,IPv6,DATA,1292
2026-01-15 23:39:32.746020,IPv6,DATA,1292
2026-01-15 23:39:32.746020,IPv6,DATA,1292
2026-01-15 23:39:32.746020,IPv6,DATA,1292
2026-01-15 23:39:32.746350,IPv6,DATA,102
2026-01-15 23:39:32.746460,IPv6,DATA,97
2026-01-15 23:39:32.748124,IPv6,DATA,1292
2026-01-15 23:39:32.748124,IPv6,DATA,1292
2026-01-15 23:39:32.748124,IPv6,DATA,1292
2026-01-15 23:39:32.748124,IPv6,DATA,1292
2026-01-15 23:39:32.748124,IPv6,DATA,1292
2026-01-15 23:39:32.748124,IPv6,DATA,1292
2026-01-15 23:39:32.748124,IPv6,DATA,1292
2026-01-15 23:39:32.748124,IPv6,DATA,1292
2026-01-15 23:39:32.748124,IPv6,DATA,1292
2026-01-15 23:39:32.748124,IPv6,DATA,1292
2026-01-15 23:39:32.748124,IPv6,DATA,1292
2026-01-15 23:39:32.748124,IPv6,DATA,1292
2026-01-15 23:39:32.748124,IPv6,DATA,1292
2026-01-15 23:39:32.748124,IPv6,DATA,1292
2026-01-15 23:39:32.748406,IPv6,DATA,97
2026-01-15 23:39:32.748569,IPv6,DATA,97
2026-01-15 23:39:32.751171,IPv6,DATA,1292
2026-01-15 23:39:32.751171,IPv6,DATA,1292
2026-01-15 23:39:32.751171,IPv6,DATA,1292
2026-01-15 23:39:32.751171,IPv6,DATA,1292
2026-01-15 23:39:32.751171,IPv6,DATA,1292
2026-01-15 23:39:32.751171,IPv6,DATA,1292
2026-01-15 23:39:32.751171,IPv6,DATA,1292
2026-01-15 23:39:32.751171,IPv6,DATA,1292
2026-01-15 23:39:32.751171,IPv6,DATA,1292
2026-01-15 23:39:32.751171,IPv6,DATA,1292
2026-01-15 23:39:32.751171,IPv6,DATA,1292
2026-01-15 23:39:32.751171,IPv6,DATA,1292
2026-01-15 23:39:32.751171,IPv6,DATA,1292
2026-01-15 23:39:32.751171,IPv6,DATA,1292
2026-01-15 23:39:32.751171,IPv6,DATA,1292
2026-01-15 23:39:32.751171,IPv6,DATA,1292
2026-01-15 23:39:32.751171,IPv6,DATA,1292
2026-01-15 23:39:32.751171,IPv6,DATA,1292
2026-01-15 23:39:32.751171,IPv6,DATA,1292
2026-01-15 23:39:32.751171,IPv6,DATA,694
2026-01-15 23:39:32.751426,IPv6,DATA,97
2026-01-15 23:39:32.751578,IPv6,DATA,97
2026-01-15 23:39:32.759477,IPv6,DATA,98
2026-01-15 23:39:32.761519,IPv6,DATA,88
2026-01-15 23:39:32.793627,IPv6,DATA,142
2026-01-15 23:39:32.806266,IPv6,DATA,108
2026-01-15 23:39:32.867275,IPv6,DATA,103
2026-01-15 23:39:32.873384,IPv6,DATA,86
2026-01-15 23:39:32.944124,192.168.1.14,TCP,55
2026-01-15 23:39:32.944271,192.168.1.48,DATA,77
2026-01-15 23:39:33.025702,IPv6,DATA,134
2026-01-15 23:39:33.037059,IPv6,DATA,108
2026-01-15 23:39:33.083087,IPv6,DATA,103
2026-01-15 23:39:33.098954,IPv6,DATA,86
2026-01-15 23:39:33.107967,52.212.178.60,TCP,66
2026-01-15 23:39:33.161812,192.168.1.14,TCP,55
2026-01-15 23:39:33.224556,148.113.9.162,TCP,66
2026-01-15 23:39:33.245022,IPv6,DATA,142
2026-01-15 23:39:33.252526,IPv6,DATA,108
2026-01-15 23:39:33.315164,IPv6,DATA,103
2026-01-15 23:39:33.321241,IPv6,DATA,86
2026-01-15 23:39:33.472941,IPv6,DATA,142
2026-01-15 23:39:33.485912,IPv6,DATA,108
2026-01-15 23:39:33.533140,IPv6,DATA,103
2026-01-15 23:39:33.541432,IPv6,DATA,86
2026-01-15 23:39:33.686902,IPv6,DATA,142
2026-01-15 23:39:33.687175,IPv6,DATA,107
2026-01-15 23:39:33.753184,IPv6,DATA,103
2026-01-15 23:39:33.761190,IPv6,DATA,86
2026-01-15 23:39:33.939013,IPv6,DNS,112
2026-01-15 23:39:33.945250,IPv6,DATA,142
2026-01-15 23:39:33.956493,IPv6,DNS,238
2026-01-15 23:39:33.957223,IPv6,DATA,108
2026-01-15 23:39:33.957306,192.168.1.14,TCP,66
2026-01-15 23:39:33.972160,IPv6,DATA,103
2026-01-15 23:39:33.980066,IPv6,DATA,86
2026-01-15 23:39:34.111256,192.168.1.14,TCP,55
2026-01-15 23:39:34.173844,IPv6,DATA,134
2026-01-15 23:39:34.175560,192.168.1.14,TLS,172
2026-01-15 23:39:34.175652,192.168.1.14,TLS,9202
2026-01-15 23:39:34.189075,IPv6,DATA,108
2026-01-15 23:39:34.189262,IPv6,DATA,103
2026-01-15 23:39:34.197185,IPv6,DATA,86
2026-01-15 23:39:34.219170,104.208.16.89,TCP,66
2026-01-15 23:39:34.219292,192.168.1.14,TCP,54
2026-01-15 23:39:34.229086,192.168.1.14,TLS,571
2026-01-15 23:39:34.277056,52.212.178.60,TCP,66
2026-01-15 23:39:34.399274,IPv6,DATA,142
2026-01-15 23:39:34.399677,IPv6,DATA,108
2026-01-15 23:39:34.406888,IPv6,DATA,86
2026-01-15 23:39:34.429964,52.182.143.211,TCP,56
2026-01-15 23:39:34.429964,52.182.143.211,TCP,56
2026-01-15 23:39:34.430276,52.182.143.211,TCP,56
2026-01-15 23:39:34.431067,52.182.143.211,TCP,56
2026-01-15 23:39:34.436299,52.182.143.211,TLS,152
2026-01-15 23:39:34.437216,192.168.1.14,TLS,89
2026-01-15 23:39:34.540288,104.208.16.89,TCP,54
2026-01-15 23:39:34.558652,104.208.16.89,TLS,153
2026-01-15 23:39:34.559821,192.168.1.14,TLS,491
2026-01-15 23:39:34.608016,IPv6,DATA,103
2026-01-15 23:39:34.614447,IPv6,DATA,86
2026-01-15 23:39:34.647496,IPv6,DATA,142
2026-01-15 23:39:34.654329,IPv6,DATA,108
2026-01-15 23:39:34.746278,52.182.143.211,TCP,56
2026-01-15 23:39:34.822540,104.208.16.89,TLS,1466
2026-01-15 23:39:34.823019,104.208.16.89,TCP,1466
2026-01-15 23:39:34.823063,192.168.1.14,TCP,54
2026-01-15 23:39:34.823411,104.208.16.89,TCP,1466
2026-01-15 23:39:34.823411,104.208.16.89,TLS,309
2026-01-15 23:39:34.823443,192.168.1.14,TCP,54
2026-01-15 23:39:34.824500,192.168.1.14,TLS,2713
2026-01-15 23:39:34.826067,IPv6,DATA,103
2026-01-15 23:39:34.835672,IPv6,DATA,86
2026-01-15 23:39:34.856846,192.168.1.14,TLS,78
2026-01-15 23:39:34.878690,IPv6,DATA,142
2026-01-15 23:39:34.887459,IPv6,DATA,108
2026-01-15 23:39:35.005977,91.228.165.146,TLS,78
2026-01-15 23:39:35.044952,IPv6,DATA,103
2026-01-15 23:39:35.056232,IPv6,DATA,86
2026-01-15 23:39:35.060275,192.168.1.14,TCP,54
2026-01-15 23:39:35.080838,104.208.16.89,TCP,56
2026-01-15 23:39:35.082177,104.208.16.89,TLS,157
2026-01-15 23:39:35.088907,104.208.16.89,TLS,518
2026-01-15 23:39:35.088963,192.168.1.14,TCP,54
2026-01-15 23:39:35.089448,192.168.1.14,TLS,78
2026-01-15 23:39:35.089627,192.168.1.14,TCP,54
2026-01-15 23:39:35.123907,IPv6,DATA,134
2026-01-15 23:39:35.136843,IPv6,DATA,108
2026-01-15 23:39:35.260423,IPv6,DATA,103
2026-01-15 23:39:35.274987,IPv6,DATA,86
2026-01-15 23:39:35.291055,192.168.1.14,TCP,55
2026-01-15 23:39:35.337691,IPv6,DATA,134
2026-01-15 23:39:35.345628,104.208.16.89,TCP,56
2026-01-15 23:39:35.352913,IPv6,DATA,108
2026-01-15 23:39:35.456381,52.212.178.60,TCP,66
2026-01-15 23:39:35.478077,IPv6,DATA,103
2026-01-15 23:39:35.489767,IPv6,DATA,86
2026-01-15 23:39:35.672825,IPv6,DATA,134
2026-01-15 23:39:35.683720,IPv6,DATA,108
2026-01-15 23:39:35.699354,IPv6,DATA,103
2026-01-15 23:39:35.706803,IPv6,DATA,86
2026-01-15 23:39:35.861472,IPv6,ARP,42
2026-01-15 23:39:35.861499,IPv6,ARP,42
2026-01-15 23:39:35.907982,192.168.1.48,DATA,77
2026-01-15 23:39:35.917307,IPv6,DATA,103
2026-01-15 23:39:35.932147,IPv6,DATA,86
2026-01-15 23:39:36.057220,192.168.1.14,TCP,55
2026-01-15 23:39:36.135230,IPv6,DATA,103
2026-01-15 23:39:36.142531,IPv6,DATA,86
2026-01-15 23:39:36.251392,20.189.173.6,TCP,54
2026-01-15 23:39:36.293088,IPv6,DATA,1292
2026-01-15 23:39:36.293220,IPv6,DATA,1292
2026-01-15 23:39:36.293259,IPv6,DATA,1292
2026-01-15 23:39:36.293335,IPv6,DATA,1292
2026-01-15 23:39:36.293375,IPv6,DATA,1292
2026-01-15 23:39:36.293416,IPv6,DATA,199
2026-01-15 23:39:36.293577,IPv6,DATA,1286
2026-01-15 23:39:36.293639,IPv6,DATA,981
2026-01-15 23:39:36.299511,IPv6,DATA,86
2026-01-15 23:39:36.303301,IPv6,DATA,86
2026-01-15 23:39:36.304430,IPv6,DATA,86
2026-01-15 23:39:36.310742,3.210.161.62,TCP,66
2026-01-15 23:39:36.443209,IPv6,DATA,858
2026-01-15 23:39:36.443586,IPv6,DATA,109
2026-01-15 23:39:36.449449,IPv6,DATA,84
2026-01-15 23:39:36.449769,IPv6,DATA,109
2026-01-15 23:39:36.461899,192.168.1.14,TCP,55
2026-01-15 23:39:36.489404,192.168.1.14,TLS,114
2026-01-15 23:39:36.508409,IPv6,DATA,103
2026-01-15 23:39:36.524432,IPv6,DATA,142
2026-01-15 23:39:36.524432,IPv6,DATA,86
2026-01-15 23:39:36.524705,IPv6,DATA,109
2026-01-15 23:39:36.614559,IPv6,TLS,190
2026-01-15 23:39:36.625719,52.212.178.60,TCP,66
2026-01-15 23:39:36.664812,IPv6,TCP,74
2026-01-15 23:39:36.701471,IPv6,DATA,215
2026-01-15 23:39:36.704431,IPv6,DATA,108
2026-01-15 23:39:36.725094,34.139.124.58,TLS,424
2026-01-15 23:39:36.725135,IPv6,DATA,103
2026-01-15 23:39:36.728218,192.168.1.14,TLS,885
2026-01-15 23:39:36.739417,IPv6,DATA,86
2026-01-15 23:39:36.763293,IPv6,TLS,243
2026-01-15 23:39:36.763722,IPv6,TLS,112
2026-01-15 23:39:36.763754,IPv6,TCP,74
2026-01-15 23:39:36.764028,IPv6,TLS,116
2026-01-15 23:39:36.810167,IPv6,TCP,74
2026-01-15 23:39:36.924607,IPv6,DATA,1287
2026-01-15 23:39:36.924731,IPv6,DATA,1292
2026-01-15 23:39:36.924758,IPv6,DATA,672
2026-01-15 23:39:36.925732,IPv6,DATA,150
2026-01-15 23:39:36.930384,IPv6,DATA,108
2026-01-15 23:39:36.935701,IPv6,DATA,204
2026-01-15 23:39:36.936166,IPv6,DATA,1287
2026-01-15 23:39:36.937484,IPv6,DATA,1292
2026-01-15 23:39:36.937484,IPv6,DATA,1292
2026-01-15 23:39:36.937484,IPv6,DATA,1292
2026-01-15 23:39:36.937484,IPv6,DATA,1292
2026-01-15 23:39:36.937484,IPv6,DATA,1292
2026-01-15 23:39:36.937484,IPv6,DATA,1292
2026-01-15 23:39:36.937484,IPv6,DATA,1292
2026-01-15 23:39:36.937815,IPv6,DATA,103
2026-01-15 23:39:36.940208,IPv6,DATA,1292
2026-01-15 23:39:36.940484,IPv6,DATA,96
2026-01-15 23:39:36.940570,IPv6,DATA,103
2026-01-15 23:39:36.942436,IPv6,DATA,1292
2026-01-15 23:39:36.942436,IPv6,DATA,1292
2026-01-15 23:39:36.942436,IPv6,DATA,1292
2026-01-15 23:39:36.942436,IPv6,DATA,1292
2026-01-15 23:39:36.942436,IPv6,DATA,1292
2026-01-15 23:39:36.942436,IPv6,DATA,1292
2026-01-15 23:39:36.942436,IPv6,DATA,1292
2026-01-15 23:39:36.942436,IPv6,DATA,1292
2026-01-15 23:39:36.942436,IPv6,DATA,1292
2026-01-15 23:39:36.942436,IPv6,DATA,1292
2026-01-15 23:39:36.942436,IPv6,DATA,1292
2026-01-15 23:39:36.942837,IPv6,DATA,96
2026-01-15 23:39:36.945682,IPv6,DATA,97
2026-01-15 23:39:36.947729,IPv6,DATA,1292
2026-01-15 23:39:36.947729,IPv6,DATA,1292
2026-01-15 23:39:36.947729,IPv6,DATA,1292
2026-01-15 23:39:36.947729,IPv6,DATA,1292
2026-01-15 23:39:36.947729,IPv6,DATA,1292
2026-01-15 23:39:36.947729,IPv6,DATA,1292
2026-01-15 23:39:36.947729,IPv6,DATA,1292
2026-01-15 23:39:36.947729,IPv6,DATA,1292
2026-01-15 23:39:36.947828,IPv6,DATA,86
2026-01-15 23:39:36.949285,IPv6,DATA,1292
2026-01-15 23:39:36.949285,IPv6,DATA,1292
2026-01-15 23:39:36.949285,IPv6,DATA,1292
2026-01-15 23:39:36.949285,IPv6,DATA,1292
2026-01-15 23:39:36.949285,IPv6,DATA,1292
2026-01-15 23:39:36.949285,IPv6,DATA,1292
2026-01-15 23:39:36.949285,IPv6,DATA,1292
2026-01-15 23:39:36.949285,IPv6,DATA,1292
2026-01-15 23:39:36.949493,IPv6,DATA,96
2026-01-15 23:39:36.951486,IPv6,DATA,1292
2026-01-15 23:39:36.951486,IPv6,DATA,1292
2026-01-15 23:39:36.951486,IPv6,DATA,1292
2026-01-15 23:39:36.951486,IPv6,DATA,1292
2026-01-15 23:39:36.951486,IPv6,DATA,1292
2026-01-15 23:39:36.951486,IPv6,DATA,1292
2026-01-15 23:39:36.951486,IPv6,DATA,1292
2026-01-15 23:39:36.951486,IPv6,DATA,1292
2026-01-15 23:39:36.951486,IPv6,DATA,1292
2026-01-15 23:39:36.951486,IPv6,DATA,1292
2026-01-15 23:39:36.951486,IPv6,DATA,1292
2026-01-15 23:39:36.951486,IPv6,DATA,1292
2026-01-15 23:39:36.951486,IPv6,DATA,1292
2026-01-15 23:39:36.951486,IPv6,DATA,1292
2026-01-15 23:39:36.951757,IPv6,DATA,96
2026-01-15 23:39:36.951895,IPv6,DATA,96
2026-01-15 23:39:36.952642,IPv6,DATA,1292
2026-01-15 23:39:36.952642,IPv6,DATA,1292
2026-01-15 23:39:36.952642,IPv6,DATA,1292
2026-01-15 23:39:36.952642,IPv6,DATA,1292
2026-01-15 23:39:36.952642,IPv6,DATA,1292
2026-01-15 23:39:36.952642,IPv6,DATA,1292
2026-01-15 23:39:36.952642,IPv6,DATA,1120
2026-01-15 23:39:36.952923,IPv6,DATA,96
2026-01-15 23:39:36.968655,34.139.124.58,TLS,89
2026-01-15 23:39:36.977873,34.139.124.58,TLS,488
2026-01-15 23:39:36.977958,192.168.1.14,TCP,54
2026-01-15 23:39:36.989528,34.139.124.58,TLS,85
2026-01-15 23:39:37.038056,192.168.1.14,TCP,54
2026-01-15 23:39:37.162100,IPv6,DATA,103
2026-01-15 23:39:37.176983,IPv6,DATA,86
2026-01-15 23:39:37.176983,IPv6,DATA,142
2026-01-15 23:39:37.192124,IPv6,DATA,108
2026-01-15 23:39:37.200634,IPv6,DATA,134
2026-01-15 23:39:37.208193,IPv6,DATA,108
2026-01-15 23:39:37.316445,192.168.1.14,DATA,55
2026-01-15 23:39:37.379367,IPv6,DATA,103
2026-01-15 23:39:37.387635,IPv6,DATA,86
2026-01-15 23:39:37.396271,IPv6,DATA,134
2026-01-15 23:39:37.410374,IPv6,DATA,108
2026-01-15 23:39:37.565952,138.91.182.224,TCP,66
2026-01-15 23:39:37.596312,IPv6,DATA,103
2026-01-15 23:39:37.606264,IPv6,DATA,86
2026-01-15 23:39:37.628253,192.168.1.14,TCP,55
2026-01-15 23:39:37.639887,IPv6,DATA,142
2026-01-15 23:39:37.642081,IPv6,DATA,108
2026-01-15 23:39:37.793643,52.212.178.60,TCP,66
2026-01-15 23:39:37.812585,IPv6,DATA,103
2026-01-15 23:39:37.820222,IPv6,DATA,86
2026-01-15 23:39:37.853317,IPv6,DATA,142
2026-01-15 23:39:37.860584,IPv6,DATA,108
2026-01-15 23:39:38.033799,192.168.1.14,DATA,55
2026-01-15 23:39:38.033856,IPv6,DATA,103
2026-01-15 23:39:38.043604,IPv6,DATA,86
2026-01-15 23:39:38.054479,IPv6,DATA,134
2026-01-15 23:39:38.066443,IPv6,DATA,108
2026-01-15 23:39:38.117147,IPv6,DATA,1287
2026-01-15 23:39:38.117303,IPv6,DATA,1292
2026-01-15 23:39:38.117357,IPv6,DATA,672
2026-01-15 23:39:38.126936,IPv6,DATA,204
2026-01-15 23:39:38.127123,IPv6,DATA,239
2026-01-15 23:39:38.127382,IPv6,DATA,86
2026-01-15 23:39:38.144359,IPv6,DATA,104
2026-01-15 23:39:38.160029,IPv6,DATA,88
2026-01-15 23:39:38.252990,140.82.112.22,TCP,66
2026-01-15 23:39:38.254488,IPv6,DATA,103
2026-01-15 23:39:38.260382,IPv6,DATA,86
2026-01-15 23:39:38.266902,IPv6,DATA,134
2026-01-15 23:39:38.270528,IPv6,DATA,108
2026-01-15 23:39:38.473866,IPv6,DATA,103
2026-01-15 23:39:38.476351,IPv6,DATA,159
2026-01-15 23:39:38.480375,IPv6,DATA,86
2026-01-15 23:39:38.480623,IPv6,DATA,107
2026-01-15 23:39:38.691641,IPv6,DATA,134
2026-01-15 23:39:38.692040,IPv6,DATA,108
2026-01-15 23:39:38.697918,IPv6,DATA,86
2026-01-15 23:39:38.801386,192.168.1.14,TCP,55
2026-01-15 23:39:38.910617,IPv6,DATA,103
2026-01-15 23:39:38.917155,IPv6,DATA,86
2026-01-15 23:39:38.921763,IPv6,DATA,142
2026-01-15 23:39:38.922055,IPv6,DATA,107
2026-01-15 23:39:38.964630,52.212.178.60,TCP,66
2026-01-15 23:39:38.998648,192.168.1.48,DATA,77
2026-01-15 23:39:39.081158,IPv6,SSDP,188
2026-01-15 23:39:39.125319,IPv6,DATA,103
2026-01-15 23:39:39.138852,IPv6,DATA,134
2026-01-15 23:39:39.138852,IPv6,DATA,86
2026-01-15 23:39:39.139189,IPv6,DATA,107
2026-01-15 23:39:39.311415,192.168.1.14,TCP,55
2026-01-15 23:39:39.340750,IPv6,SSDP,188
2026-01-15 23:39:39.342160,IPv6,DATA,103
2026-01-15 23:39:39.351437,IPv6,DATA,156
2026-01-15 23:39:39.358036,IPv6,DATA,108
2026-01-15 23:39:39.366298,172.188.155.25,TCP,66
2026-01-15 23:39:39.560541,IPv6,DATA,103
2026-01-15 23:39:39.566641,IPv6,DATA,86
2026-01-15 23:39:39.588944,IPv6,DATA,134
2026-01-15 23:39:39.591482,IPv6,DATA,108
2026-01-15 23:39:39.615320,IPv6,SSDP,188
2026-01-15 23:39:39.777443,IPv6,DATA,103
2026-01-15 23:39:39.783585,IPv6,DATA,86
2026-01-15 23:39:39.813766,IPv6,DATA,150
2026-01-15 23:39:39.824425,IPv6,DATA,108
2026-01-15 23:39:39.860926,IPv6,SSDP,188
2026-01-15 23:39:39.980270,192.168.1.14,TCP,55
2026-01-15 23:39:39.995441,IPv6,DATA,103
2026-01-15 23:39:40.002061,IPv6,DATA,86
2026-01-15 23:39:40.080870,IPv6,DATA,134
2026-01-15 23:39:40.089646,IPv6,DATA,108
2026-01-15 23:39:40.120993,192.168.1.1,SSDP,174
2026-01-15 23:39:40.142998,52.212.178.60,TCP,66
2026-01-15 23:39:40.156196,IPv6,DATA,1287
2026-01-15 23:39:40.156295,IPv6,DATA,1292
2026-01-15 23:39:40.156321,IPv6,DATA,672
2026-01-15 23:39:40.164497,IPv6,DATA,204
2026-01-15 23:39:40.166083,IPv6,DATA,239
2026-01-15 23:39:40.166357,IPv6,DATA,103
2026-01-15 23:39:40.168497,IPv6,DATA,86
2026-01-15 23:39:40.178003,IPv6,DATA,88
2026-01-15 23:39:40.178289,IPv6,DATA,96
2026-01-15 23:39:40.214502,IPv6,DATA,103
2026-01-15 23:39:40.222910,IPv6,DATA,86
2026-01-15 23:39:40.292424,IPv6,DATA,142
2026-01-15 23:39:40.308211,IPv6,DATA,108
2026-01-15 23:39:40.381403,192.168.1.1,SSDP,174
2026-01-15 23:39:40.431817,IPv6,DATA,103
2026-01-15 23:39:40.440224,IPv6,DATA,86
2026-01-15 23:39:40.543782,IPv6,DATA,150
2026-01-15 23:39:40.554315,IPv6,DATA,108
2026-01-15 23:39:40.603916,192.168.1.14,TLS,171
2026-01-15 23:39:40.604010,192.168.1.14,TLS,4624
2026-01-15 23:39:40.648044,IPv6,DATA,103
2026-01-15 23:39:40.649096,IPv6,SSDP,189
2026-01-15 23:39:40.662702,IPv6,DATA,86
2026-01-15 23:39:40.725409,IPv6,DNS,112
2026-01-15 23:39:40.757942,192.168.1.14,DNS,92
2026-01-15 23:39:40.766382,192.168.1.1,DNS,276
2026-01-15 23:39:40.767277,192.168.1.14,TCP,66
2026-01-15 23:39:40.768005,IPv6,DATA,134
2026-01-15 23:39:40.773302,IPv6,DATA,108
2026-01-15 23:39:40.856753,52.182.143.211,TCP,56
2026-01-15 23:39:40.857058,52.182.143.211,TLS,89
2026-01-15 23:39:40.857354,52.182.143.211,TCP,54
2026-01-15 23:39:40.857382,192.168.1.14,TCP,54
2026-01-15 23:39:40.867164,IPv6,DATA,103
2026-01-15 23:39:40.873034,IPv6,DATA,86
2026-01-15 23:39:40.900806,IPv6,SSDP,189
2026-01-15 23:39:40.981435,IPv6,DATA,142
2026-01-15 23:39:40.991395,IPv6,DATA,108
2026-01-15 23:39:41.019750,104.208.16.89,TCP,66
2026-01-15 23:39:41.019832,192.168.1.14,TCP,54
2026-01-15 23:39:41.020603,192.168.1.14,TLS,571
2026-01-15 23:39:41.085310,IPv6,DATA,103
2026-01-15 23:39:41.092053,IPv6,DATA,86
2026-01-15 23:39:41.109924,52.182.143.211,TLS,148
2026-01-15 23:39:41.110670,192.168.1.14,TLS,89
2026-01-15 23:39:41.145239,192.168.1.14,TCP,55
2026-01-15 23:39:41.160916,IPv6,SSDP,189
2026-01-15 23:39:41.209987,IPv6,DATA,142
2026-01-15 23:39:41.222610,IPv6,DATA,108
2026-01-15 23:39:41.287649,104.208.16.89,TLS,153
2026-01-15 23:39:41.288903,192.168.1.14,TLS,491
2026-01-15 23:39:41.300492,IPv6,DATA,103
2026-01-15 23:39:41.306279,IPv6,DATA,86
2026-01-15 23:39:41.310252,52.212.178.60,TCP,66
2026-01-15 23:39:41.402569,52.182.143.211,TCP,56
2026-01-15 23:39:41.420671,IPv6,SSDP,189
2026-01-15 23:39:41.424551,IPv6,DATA,126
2026-01-15 23:39:41.439404,IPv6,DATA,108
2026-01-15 23:39:41.517062,IPv6,DATA,103
2026-01-15 23:39:41.520403,IPv6,DATA,1286
2026-01-15 23:39:41.520505,IPv6,DATA,133
2026-01-15 23:39:41.527668,IPv6,DATA,86
2026-01-15 23:39:41.544476,104.208.16.89,TLS,1466
2026-01-15 23:39:41.547506,104.208.16.89,TCP,1466
2026-01-15 23:39:41.547553,192.168.1.14,TCP,54
2026-01-15 23:39:41.547988,104.208.16.89,TCP,1466
2026-01-15 23:39:41.547988,104.208.16.89,TLS,309
2026-01-15 23:39:41.548024,192.168.1.14,TCP,54
2026-01-15 23:39:41.548847,192.168.1.14,TLS,3644
2026-01-15 23:39:41.563851,IPv6,DATA,89
2026-01-15 23:39:41.574460,IPv6,DATA,130
2026-01-15 23:39:41.574776,IPv6,DATA,97
2026-01-15 23:39:41.638010,IPv6,DATA,142
2026-01-15 23:39:41.640250,IPv6,DATA,86
2026-01-15 23:39:41.640525,IPv6,DATA,108
2026-01-15 23:39:41.680926,192.168.1.1,SSDP,175
2026-01-15 23:39:41.736000,IPv6,DATA,103
2026-01-15 23:39:41.743431,IPv6,DATA,86
2026-01-15 23:39:41.772885,192.168.1.14,TLS,114
2026-01-15 23:39:41.802052,104.208.16.89,TCP,56
2026-01-15 23:39:41.802286,104.208.16.89,TLS,157
2026-01-15 23:39:41.802662,104.208.16.89,TLS,518
2026-01-15 23:39:41.802727,192.168.1.14,TCP,54
2026-01-15 23:39:41.803263,192.168.1.14,TLS,78
2026-01-15 23:39:41.803380,192.168.1.14,TCP,54
2026-01-15 23:39:41.878848,IPv6,DATA,142
2026-01-15 23:39:41.879144,IPv6,DATA,109
2026-01-15 23:39:41.908144,192.168.1.48,DATA,77
2026-01-15 23:39:41.918766,IPv6,TLS,190
2026-01-15 23:39:41.940914,192.168.1.1,SSDP,175
2026-01-15 23:39:41.951425,IPv6,DATA,103
2026-01-15 23:39:41.963691,IPv6,DATA,86
2026-01-15 23:39:41.967717,IPv6,TCP,74
2026-01-15 23:39:42.008402,34.139.124.58,TLS,425
2026-01-15 23:39:42.011121,192.168.1.14,TLS,885
2026-01-15 23:39:42.055797,104.208.16.89,TCP,56
2026-01-15 23:39:42.062677,IPv6,TLS,242
2026-01-15 23:39:42.063402,IPv6,TLS,116
2026-01-15 23:39:42.067005,IPv6,TLS,112
2026-01-15 23:39:42.082788,IPv6,DATA,126
2026-01-15 23:39:42.090700,IPv6,DATA,108
2026-01-15 23:39:42.112461,IPv6,TCP,74
2026-01-15 23:39:42.120623,IPv6,TCP,74
2026-01-15 23:39:42.166828,IPv6,DATA,103
2026-01-15 23:39:42.175100,IPv6,DATA,86
2026-01-15 23:39:42.246526,34.139.124.58,TLS,89
2026-01-15 23:39:42.254280,34.139.124.58,TLS,487
2026-01-15 23:39:42.254363,192.168.1.14,TCP,54
2026-01-15 23:39:42.254548,34.139.124.58,TLS,85
2026-01-15 23:39:42.290293,IPv6,DATA,134
2026-01-15 23:39:42.305601,192.168.1.14,TCP,54
2026-01-15 23:39:42.305703,IPv6,DATA,108
2026-01-15 23:39:42.321290,192.168.1.14,TCP,55
2026-01-15 23:39:42.383692,IPv6,DATA,103
2026-01-15 23:39:42.393402,IPv6,DATA,86
2026-01-15 23:39:42.487822,52.212.178.60,TCP,66
2026-01-15 23:39:42.533435,IPv6,DATA,142
2026-01-15 23:39:42.540398,IPv6,DATA,108
2026-01-15 23:39:42.604261,IPv6,DATA,103
2026-01-15 23:39:42.609959,IPv6,DATA,86
2026-01-15 23:39:42.711589,IPv6,DNS,299
2026-01-15 23:39:42.711644,IPv6,ICMPV6,347
2026-01-15 23:39:42.734953,IPv6,DATA,126
2026-01-15 23:39:42.741573,IPv6,DATA,108
2026-01-15 23:39:42.819458,IPv6,DATA,103
2026-01-15 23:39:42.825657,IPv6,DATA,86
2026-01-15 23:39:42.941995,3.231.72.45,TCP,54
2026-01-15 23:39:42.942040,192.168.1.14,TCP,54
2026-01-15 23:39:42.961405,IPv6,DATA,142
2026-01-15 23:39:42.976655,IPv6,DATA,108
2026-01-15 23:39:43.039346,IPv6,DATA,103
2026-01-15 23:39:43.049967,IPv6,DATA,86
2026-01-15 23:39:43.186575,IPv6,DATA,142
2026-01-15 23:39:43.195061,IPv6,DATA,108
2026-01-15 23:39:43.226244,192.168.1.14,TCP,55
2026-01-15 23:39:43.256524,IPv6,DATA,103
2026-01-15 23:39:43.262854,IPv6,DATA,86
2026-01-15 23:39:43.279554,148.113.9.162,TCP,56
2026-01-15 23:39:43.279589,192.168.1.14,TCP,54
2026-01-15 23:39:43.293060,148.113.9.162,TCP,66
2026-01-15 23:39:43.466986,IPv6,DATA,142
2026-01-15 23:39:43.467442,IPv6,DATA,108
2026-01-15 23:39:43.473679,IPv6,DATA,86
2026-01-15 23:39:43.489418,192.168.1.14,TCP,55
2026-01-15 23:39:43.655712,52.212.178.60,TCP,66
2026-01-15 23:39:43.678125,IPv6,DATA,103
2026-01-15 23:39:43.686885,IPv6,DATA,86
2026-01-15 23:39:43.750125,IPv6,DATA,134
2026-01-15 23:39:43.757438,IPv6,DATA,108
2026-01-15 23:39:43.896191,IPv6,DATA,103
2026-01-15 23:39:43.909403,IPv6,DATA,86
2026-01-15 23:39:43.948164,IPv6,DATA,150
2026-01-15 23:39:43.954024,IPv6,DNS,118
2026-01-15 23:39:43.958640,IPv6,DNS,222
2026-01-15 23:39:43.959298,IPv6,DATA,108
2026-01-15 23:39:43.959318,192.168.1.14,TCP,66
2026-01-15 23:39:44.113044,IPv6,DATA,103
2026-01-15 23:39:44.121544,IPv6,DATA,86
2026-01-15 23:39:44.152415,IPv6,DATA,142
2026-01-15 23:39:44.159194,IPv6,DATA,108
2026-01-15 23:39:44.165161,140.82.114.21,TCP,66
2026-01-15 23:39:44.165243,192.168.1.14,TCP,54
2026-01-15 23:39:44.166414,192.168.1.14,TLS,571
2026-01-15 23:39:44.329220,IPv6,DATA,103
2026-01-15 23:39:44.337247,IPv6,DATA,86
2026-01-15 23:39:44.354194,IPv6,DATA,1287
2026-01-15 23:39:44.354372,IPv6,DATA,1292
2026-01-15 23:39:44.354416,IPv6,DATA,672
2026-01-15 23:39:44.364972,IPv6,DATA,204
2026-01-15 23:39:44.376090,IPv6,DATA,104
2026-01-15 23:39:44.377807,IPv6,DATA,134
2026-01-15 23:39:44.378130,IPv6,DATA,109
2026-01-15 23:39:44.385576,140.82.114.21,TLS,1466
2026-01-15 23:39:44.385929,140.82.114.21,TCP,1466
2026-01-15 23:39:44.385967,192.168.1.14,TCP,54
2026-01-15 23:39:44.387316,140.82.114.21,TCP,1326
2026-01-15 23:39:44.387744,140.82.114.21,TLS,1466
2026-01-15 23:39:44.387744,140.82.114.21,TLS,224
2026-01-15 23:39:44.387744,IPv6,DATA,88
2026-01-15 23:39:44.387776,192.168.1.14,TCP,54
2026-01-15 23:39:44.388966,192.168.1.14,TLS,4113
2026-01-15 23:39:44.427339,IPv6,DATA,1287
2026-01-15 23:39:44.427623,IPv6,DATA,1292
2026-01-15 23:39:44.428807,IPv6,DATA,1292
2026-01-15 23:39:44.428807,IPv6,DATA,1292
2026-01-15 23:39:44.428807,IPv6,DATA,1292
2026-01-15 23:39:44.428807,IPv6,DATA,1292
2026-01-15 23:39:44.428807,IPv6,DATA,1292
2026-01-15 23:39:44.428807,IPv6,DATA,1292
2026-01-15 23:39:44.429087,IPv6,DATA,96
2026-01-15 23:39:44.429442,IPv6,DATA,1292
2026-01-15 23:39:44.430429,IPv6,DATA,1292
2026-01-15 23:39:44.430549,IPv6,DATA,96
2026-01-15 23:39:44.431972,IPv6,DATA,1292
2026-01-15 23:39:44.431972,IPv6,DATA,1292
2026-01-15 23:39:44.431972,IPv6,DATA,1292
2026-01-15 23:39:44.431972,IPv6,DATA,1292
2026-01-15 23:39:44.431972,IPv6,DATA,1292
2026-01-15 23:39:44.431972,IPv6,DATA,1292
2026-01-15 23:39:44.431972,IPv6,DATA,1292
2026-01-15 23:39:44.431972,IPv6,DATA,1292
2026-01-15 23:39:44.431972,IPv6,DATA,1292
2026-01-15 23:39:44.431972,IPv6,DATA,1292
2026-01-15 23:39:44.432378,IPv6,DATA,96
2026-01-15 23:39:44.432650,IPv6,DATA,1292
2026-01-15 23:39:44.435218,IPv6,DATA,1292
2026-01-15 23:39:44.435218,IPv6,DATA,1292
2026-01-15 23:39:44.435218,IPv6,DATA,1292
2026-01-15 23:39:44.435218,IPv6,DATA,1292
2026-01-15 23:39:44.435218,IPv6,DATA,1292
2026-01-15 23:39:44.435218,IPv6,DATA,1292
2026-01-15 23:39:44.435218,IPv6,DATA,1292
2026-01-15 23:39:44.435218,IPv6,DATA,1292
2026-01-15 23:39:44.435218,IPv6,DATA,1292
2026-01-15 23:39:44.435218,IPv6,DATA,1292
2026-01-15 23:39:44.435218,IPv6,DATA,1292
2026-01-15 23:39:44.435494,IPv6,DATA,96
2026-01-15 23:39:44.435580,IPv6,DATA,96
2026-01-15 23:39:44.446946,IPv6,DATA,1292
2026-01-15 23:39:44.446946,IPv6,DATA,1292
2026-01-15 23:39:44.446946,IPv6,DATA,1292
2026-01-15 23:39:44.446946,IPv6,DATA,1292
2026-01-15 23:39:44.446946,IPv6,DATA,1292
2026-01-15 23:39:44.446946,IPv6,DATA,1292
2026-01-15 23:39:44.446946,IPv6,DATA,1292
2026-01-15 23:39:44.446946,IPv6,DATA,1292
2026-01-15 23:39:44.446946,IPv6,DATA,1292
2026-01-15 23:39:44.446946,IPv6,DATA,1292
2026-01-15 23:39:44.446946,IPv6,DATA,1292
2026-01-15 23:39:44.446946,IPv6,DATA,1292
2026-01-15 23:39:44.446946,IPv6,DATA,1292
2026-01-15 23:39:44.446946,IPv6,DATA,1292
2026-01-15 23:39:44.447278,IPv6,DATA,98
2026-01-15 23:39:44.447356,IPv6,DATA,98
2026-01-15 23:39:44.447387,IPv6,DATA,98
2026-01-15 23:39:44.447419,IPv6,DATA,98
2026-01-15 23:39:44.449207,IPv6,DATA,1292
2026-01-15 23:39:44.449207,IPv6,DATA,1292
2026-01-15 23:39:44.449207,IPv6,DATA,1292
2026-01-15 23:39:44.449207,IPv6,DATA,1292
2026-01-15 23:39:44.449207,IPv6,DATA,1292
2026-01-15 23:39:44.449207,IPv6,DATA,1292
2026-01-15 23:39:44.449207,IPv6,DATA,1292
2026-01-15 23:39:44.449207,IPv6,DATA,1292
2026-01-15 23:39:44.449207,IPv6,DATA,1292
2026-01-15 23:39:44.449207,IPv6,DATA,1292
2026-01-15 23:39:44.449207,IPv6,DATA,1292
2026-01-15 23:39:44.449207,IPv6,DATA,1292
2026-01-15 23:39:44.449207,IPv6,DATA,1292
2026-01-15 23:39:44.449207,IPv6,DATA,1292
2026-01-15 23:39:44.449445,IPv6,DATA,98
2026-01-15 23:39:44.449603,IPv6,DATA,98
2026-01-15 23:39:44.453071,IPv6,DATA,1292
2026-01-15 23:39:44.453071,IPv6,DATA,1292
2026-01-15 23:39:44.453071,IPv6,DATA,1292
2026-01-15 23:39:44.453071,IPv6,DATA,1292
2026-01-15 23:39:44.453071,IPv6,DATA,1292
2026-01-15 23:39:44.453071,IPv6,DATA,1292
2026-01-15 23:39:44.453071,IPv6,DATA,1292
2026-01-15 23:39:44.453071,IPv6,DATA,1292
2026-01-15 23:39:44.453071,IPv6,DATA,1292
2026-01-15 23:39:44.453071,IPv6,DATA,1292
2026-01-15 23:39:44.453071,IPv6,DATA,1292
2026-01-15 23:39:44.453071,IPv6,DATA,1292
2026-01-15 23:39:44.453071,IPv6,DATA,1292
2026-01-15 23:39:44.453071,IPv6,DATA,1292
2026-01-15 23:39:44.453412,IPv6,DATA,98
2026-01-15 23:39:44.453544,IPv6,DATA,98
2026-01-15 23:39:44.455262,IPv6,DATA,1292
2026-01-15 23:39:44.455262,IPv6,DATA,1292
2026-01-15 23:39:44.455262,IPv6,DATA,1292
2026-01-15 23:39:44.455262,IPv6,DATA,1292
2026-01-15 23:39:44.455262,IPv6,DATA,1292
2026-01-15 23:39:44.455262,IPv6,DATA,1292
2026-01-15 23:39:44.455262,IPv6,DATA,1292
2026-01-15 23:39:44.455262,IPv6,DATA,1292
2026-01-15 23:39:44.455262,IPv6,DATA,1292
2026-01-15 23:39:44.455262,IPv6,DATA,1292
2026-01-15 23:39:44.455262,IPv6,DATA,1292
2026-01-15 23:39:44.455262,IPv6,DATA,1292
2026-01-15 23:39:44.455262,IPv6,DATA,1292
2026-01-15 23:39:44.455262,IPv6,DATA,1292
2026-01-15 23:39:44.455677,IPv6,DATA,98
2026-01-15 23:39:44.455803,IPv6,DATA,98
2026-01-15 23:39:44.457791,IPv6,DATA,1292
2026-01-15 23:39:44.457791,IPv6,DATA,1292
2026-01-15 23:39:44.457791,IPv6,DATA,1292
2026-01-15 23:39:44.457791,IPv6,DATA,1292
2026-01-15 23:39:44.457791,IPv6,DATA,1292
2026-01-15 23:39:44.457791,IPv6,DATA,1292
2026-01-15 23:39:44.457791,IPv6,DATA,1292
2026-01-15 23:39:44.457791,IPv6,DATA,1292
2026-01-15 23:39:44.457791,IPv6,DATA,1292
2026-01-15 23:39:44.457791,IPv6,DATA,1292
2026-01-15 23:39:44.457791,IPv6,DATA,1292
2026-01-15 23:39:44.457791,IPv6,DATA,1292
2026-01-15 23:39:44.457791,IPv6,DATA,1292
2026-01-15 23:39:44.457791,IPv6,DATA,1292
2026-01-15 23:39:44.458098,IPv6,DATA,98
2026-01-15 23:39:44.458227,IPv6,DATA,99
2026-01-15 23:39:44.460254,IPv6,DATA,1292
2026-01-15 23:39:44.460254,IPv6,DATA,1292
2026-01-15 23:39:44.460254,IPv6,DATA,1292
2026-01-15 23:39:44.460254,IPv6,DATA,1292
2026-01-15 23:39:44.460254,IPv6,DATA,1292
2026-01-15 23:39:44.460254,IPv6,DATA,1292
2026-01-15 23:39:44.460254,IPv6,DATA,1292
2026-01-15 23:39:44.460254,IPv6,DATA,1292
2026-01-15 23:39:44.460254,IPv6,DATA,1292
2026-01-15 23:39:44.460254,IPv6,DATA,1292
2026-01-15 23:39:44.460254,IPv6,DATA,1292
2026-01-15 23:39:44.460254,IPv6,DATA,1292
2026-01-15 23:39:44.460254,IPv6,DATA,1292
2026-01-15 23:39:44.460254,IPv6,DATA,1292
2026-01-15 23:39:44.460498,IPv6,DATA,99
2026-01-15 23:39:44.460627,IPv6,DATA,99
2026-01-15 23:39:44.463602,IPv6,DATA,1292
2026-01-15 23:39:44.463602,IPv6,DATA,1292
2026-01-15 23:39:44.463602,IPv6,DATA,1292
2026-01-15 23:39:44.463602,IPv6,DATA,1292
2026-01-15 23:39:44.463602,IPv6,DATA,1292
2026-01-15 23:39:44.463602,IPv6,DATA,1292
2026-01-15 23:39:44.463602,IPv6,DATA,1292
2026-01-15 23:39:44.463602,IPv6,DATA,1292
2026-01-15 23:39:44.463602,IPv6,DATA,1292
2026-01-15 23:39:44.463602,IPv6,DATA,1292
2026-01-15 23:39:44.463602,IPv6,DATA,1292
2026-01-15 23:39:44.463602,IPv6,DATA,1292
2026-01-15 23:39:44.463602,IPv6,DATA,1292
2026-01-15 23:39:44.463602,IPv6,DATA,1292
2026-01-15 23:39:44.463885,IPv6,DATA,104
2026-01-15 23:39:44.464017,IPv6,DATA,99
2026-01-15 23:39:44.465394,IPv6,DATA,1292
2026-01-15 23:39:44.465509,IPv6,DATA,99
2026-01-15 23:39:44.469960,IPv6,DATA,1292
2026-01-15 23:39:44.469960,IPv6,DATA,1292
2026-01-15 23:39:44.469960,IPv6,DATA,1292
2026-01-15 23:39:44.469960,IPv6,DATA,1292
2026-01-15 23:39:44.469960,IPv6,DATA,1292
2026-01-15 23:39:44.469960,IPv6,DATA,1292
2026-01-15 23:39:44.469960,IPv6,DATA,1292
2026-01-15 23:39:44.469960,IPv6,DATA,1292
2026-01-15 23:39:44.469960,IPv6,DATA,1292
2026-01-15 23:39:44.469960,IPv6,DATA,1292
2026-01-15 23:39:44.469960,IPv6,DATA,1292
2026-01-15 23:39:44.469960,IPv6,DATA,1292
2026-01-15 23:39:44.469960,IPv6,DATA,1292
2026-01-15 23:39:44.470327,IPv6,DATA,99
2026-01-15 23:39:44.471248,IPv6,DATA,1292
2026-01-15 23:39:44.471248,IPv6,DATA,1292
2026-01-15 23:39:44.471248,IPv6,DATA,1292
2026-01-15 23:39:44.471248,IPv6,DATA,1292
2026-01-15 23:39:44.471248,IPv6,DATA,1292
2026-01-15 23:39:44.471248,IPv6,DATA,1292
2026-01-15 23:39:44.471248,IPv6,DATA,1292
2026-01-15 23:39:44.471248,IPv6,DATA,1292
2026-01-15 23:39:44.471435,IPv6,DATA,99
2026-01-15 23:39:44.473802,IPv6,DATA,1292
2026-01-15 23:39:44.473802,IPv6,DATA,1292
2026-01-15 23:39:44.473802,IPv6,DATA,1292
2026-01-15 23:39:44.473802,IPv6,DATA,1292
2026-01-15 23:39:44.473802,IPv6,DATA,1292
2026-01-15 23:39:44.473802,IPv6,DATA,1292
2026-01-15 23:39:44.473802,IPv6,DATA,1292
2026-01-15 23:39:44.473802,IPv6,DATA,1292
2026-01-15 23:39:44.473802,IPv6,DATA,1292
2026-01-15 23:39:44.473802,IPv6,DATA,1292
2026-01-15 23:39:44.474118,IPv6,DATA,99
2026-01-15 23:39:44.474344,IPv6,DATA,1292
2026-01-15 23:39:44.474344,IPv6,DATA,1292
2026-01-15 23:39:44.474476,IPv6,DATA,99
2026-01-15 23:39:44.476895,IPv6,DATA,1292
2026-01-15 23:39:44.476895,IPv6,DATA,1292
2026-01-15 23:39:44.476895,IPv6,DATA,1292
2026-01-15 23:39:44.476895,IPv6,DATA,1292
2026-01-15 23:39:44.476895,IPv6,DATA,1292
2026-01-15 23:39:44.476895,IPv6,DATA,1292
2026-01-15 23:39:44.476895,IPv6,DATA,1292
2026-01-15 23:39:44.476895,IPv6,DATA,1292
2026-01-15 23:39:44.476895,IPv6,DATA,1292
2026-01-15 23:39:44.476895,IPv6,DATA,1292
2026-01-15 23:39:44.476895,IPv6,DATA,1292
2026-01-15 23:39:44.476895,IPv6,DATA,1292
2026-01-15 23:39:44.477132,IPv6,DATA,99
2026-01-15 23:39:44.477248,IPv6,DATA,99
2026-01-15 23:39:44.477254,IPv6,DATA,1292
2026-01-15 23:39:44.477702,IPv6,DATA,1237
2026-01-15 23:39:44.484657,IPv6,DATA,97
2026-01-15 23:39:44.546889,IPv6,DATA,103
2026-01-15 23:39:44.552488,IPv6,DATA,86
2026-01-15 23:39:44.585243,IPv6,DATA,134
2026-01-15 23:39:44.593236,IPv6,DATA,108
2026-01-15 23:39:44.594925,140.82.114.21,TCP,56
2026-01-15 23:39:44.595116,140.82.114.21,TLS,133
2026-01-15 23:39:44.595371,140.82.114.21,TLS,133
2026-01-15 23:39:44.595402,192.168.1.14,TCP,54
2026-01-15 23:39:44.659797,140.82.114.21,TCP,56
2026-01-15 23:39:44.659969,IPv6,DATA,88
2026-01-15 23:39:44.660209,IPv6,DATA,98
2026-01-15 23:39:44.661217,IPv6,DATA,93
2026-01-15 23:39:44.661336,IPv6,DATA,97
2026-01-15 23:39:44.671322,192.168.1.14,TCP,55
2026-01-15 23:39:44.764212,IPv6,DATA,103
2026-01-15 23:39:44.770157,IPv6,DATA,86
2026-01-15 23:39:44.788820,IPv6,DATA,134
2026-01-15 23:39:44.795429,IPv6,DATA,108
2026-01-15 23:39:44.834294,52.212.178.60,TCP,66
2026-01-15 23:39:44.931415,192.168.1.48,DATA,77
2026-01-15 23:39:44.931415,140.82.114.21,TLS,643
2026-01-15 23:39:44.931767,140.82.114.21,TLS,78
2026-01-15 23:39:44.931799,192.168.1.14,TCP,54
2026-01-15 23:39:44.931839,192.168.1.14,TLS,78
2026-01-15 23:39:44.931936,192.168.1.14,TCP,54
2026-01-15 23:39:44.931978,140.82.114.21,TCP,54
2026-01-15 23:39:44.931996,192.168.1.14,TCP,54
2026-01-15 23:39:44.932020,192.168.1.14,TCP,54
2026-01-15 23:39:44.982561,IPv6,DATA,103
2026-01-15 23:39:44.988562,IPv6,DATA,86
2026-01-15 23:39:45.040072,IPv6,DATA,142
2026-01-15 23:39:45.045036,IPv6,DATA,108
2026-01-15 23:39:45.144639,140.82.114.21,TCP,54
2026-01-15 23:39:45.144894,140.82.114.21,TCP,54
2026-01-15 23:39:45.200651,IPv6,DATA,103
2026-01-15 23:39:45.214549,IPv6,DATA,86
2026-01-15 23:39:45.363668,IPv6,DATA,142
2026-01-15 23:39:45.370512,IPv6,DATA,108
2026-01-15 23:39:45.415897,IPv6,DATA,103
2026-01-15 23:39:45.422267,IPv6,DATA,86
2026-01-15 23:39:45.450683,IPv6,DATA,1287
2026-01-15 23:39:45.450791,IPv6,DATA,1292
2026-01-15 23:39:45.450827,IPv6,DATA,671
2026-01-15 23:39:45.470896,IPv6,DATA,204
2026-01-15 23:39:45.473338,IPv6,DATA,239
2026-01-15 23:39:45.473626,IPv6,DATA,103
2026-01-15 23:39:45.474089,IPv6,DATA,86
2026-01-15 23:39:45.478401,IPv6,DATA,97
2026-01-15 23:39:45.481592,IPv6,DATA,88
2026-01-15 23:39:45.590796,IPv6,DATA,142
2026-01-15 23:39:45.602083,IPv6,DATA,108
2026-01-15 23:39:45.633627,IPv6,DATA,103
2026-01-15 23:39:45.645293,IPv6,DATA,86
2026-01-15 23:39:45.841273,IPv6,DATA,142
2026-01-15 23:39:45.849413,192.168.1.14,TCP,55
2026-01-15 23:39:45.849492,IPv6,DATA,108
2026-01-15 23:39:45.849568,IPv6,DATA,103
2026-01-15 23:39:45.858405,IPv6,DATA,86
2026-01-15 23:39:46.015245,52.212.178.60,TCP,66
2026-01-15 23:39:46.059455,IPv6,DATA,134
2026-01-15 23:39:46.059816,IPv6,DATA,108
2026-01-15 23:39:46.068839,IPv6,DATA,86
2026-01-15 23:39:46.269260,IPv6,DATA,103
2026-01-15 23:39:46.275245,IPv6,DATA,86
2026-01-15 23:39:46.291148,IPv6,DATA,142
2026-01-15 23:39:46.300418,IPv6,DATA,108
2026-01-15 23:39:46.481480,IPv6,DATA,103
2026-01-15 23:39:46.487588,IPv6,DATA,86
2026-01-15 23:39:46.523748,IPv6,DATA,159
2026-01-15 23:39:46.527559,IPv6,DATA,108
2026-01-15 23:39:46.700758,IPv6,DATA,103
2026-01-15 23:39:46.706683,IPv6,DATA,86
2026-01-15 23:39:46.747030,IPv6,DATA,159
2026-01-15 23:39:46.766278,IPv6,DATA,108
2026-01-15 23:39:46.920442,IPv6,DATA,103
2026-01-15 23:39:46.926485,IPv6,DATA,86
2026-01-15 23:39:46.940382,IPv6,ICMPV6,70
2026-01-15 23:39:46.962031,192.168.1.14,TLS,885
2026-01-15 23:39:46.988787,IPv6,DATA,134
2026-01-15 23:39:46.998701,IPv6,DATA,108
2026-01-15 23:39:47.023054,192.168.1.14,TLS,119
2026-01-15 23:39:47.028947,192.168.1.14,TCP,55
2026-01-15 23:39:47.138046,IPv6,DATA,103
2026-01-15 23:39:47.146278,IPv6,DATA,86
2026-01-15 23:39:47.193730,52.212.178.60,TCP,66
2026-01-15 23:39:47.194414,34.139.124.58,TLS,89
2026-01-15 23:39:47.206843,34.139.124.58,TLS,488
2026-01-15 23:39:47.206936,192.168.1.14,TCP,54
2026-01-15 23:39:47.207057,34.139.124.58,TLS,85
2026-01-15 23:39:47.239360,IPv6,DATA,142
2026-01-15 23:39:47.239636,IPv6,DATA,107
2026-01-15 23:39:47.246345,192.168.1.14,TCP,54
2026-01-15 23:39:47.260295,34.139.124.58,TLS,424
2026-01-15 23:39:47.262737,192.168.1.14,TLS,1877
2026-01-15 23:39:47.356616,IPv6,DATA,103
2026-01-15 23:39:47.362771,IPv6,DATA,86
2026-01-15 23:39:47.467647,IPv6,DATA,142
2026-01-15 23:39:47.480854,IPv6,DATA,108
2026-01-15 23:39:47.497477,34.139.124.58,TCP,56
2026-01-15 23:39:47.497767,34.139.124.58,TLS,89
2026-01-15 23:39:47.538299,34.139.124.58,TLS,85
2026-01-15 23:39:47.538337,192.168.1.14,TCP,66
2026-01-15 23:39:47.538555,34.139.124.58,TCP,487
2026-01-15 23:39:47.538618,192.168.1.14,TCP,54
2026-01-15 23:39:47.563218,IPv6,DATA,103
2026-01-15 23:39:47.571475,IPv6,DATA,86
2026-01-15 23:39:47.696978,IPv6,DATA,142
2026-01-15 23:39:47.714154,IPv6,DATA,108
2026-01-15 23:39:47.776712,IPv6,DATA,103
2026-01-15 23:39:47.782729,IPv6,DATA,86
2026-01-15 23:39:47.911149,IPv6,DATA,134
2026-01-15 23:39:47.916338,IPv6,DATA,108
2026-01-15 23:39:47.917882,192.168.1.48,DATA,77
2026-01-15 23:39:47.994199,IPv6,DATA,103
2026-01-15 23:39:48.006518,IPv6,DATA,86
2026-01-15 23:39:48.145116,IPv6,DATA,142
2026-01-15 23:39:48.152274,IPv6,DATA,108
2026-01-15 23:39:48.198998,192.168.1.14,TCP,55
2026-01-15 23:39:48.214928,IPv6,DATA,103
2026-01-15 23:39:48.221728,IPv6,DATA,86
2026-01-15 23:39:48.368162,52.212.178.60,TCP,66
2026-01-15 23:39:48.380633,IPv6,DATA,134
2026-01-15 23:39:48.386520,IPv6,DATA,108
2026-01-15 23:39:48.434191,IPv6,DATA,103
